City_ID,City,Country,Date,Lat,Lng,Max Temp,Humidity,Cloudiness,Wind Speed
0,Zlitan,LY,2020-08-22 23:57:20,32.47,14.57,76.32,71,0,3.53
1,Butaritari,KI,2020-08-22 23:57:20,3.07,172.79,83.21,64,100,7.09
2,Atar,MR,2020-08-22 23:56:11,20.52,-13.05,98.1,21,63,2.51
3,Busselton,AU,2020-08-22 23:57:20,-33.65,115.33,53.01,86,39,9.08
4,Narsaq,GL,2020-08-22 23:57:20,60.92,-46.05,48.2,70,5,4.7
5,Chuy,UY,2020-08-22 23:57:20,-33.7,-53.46,46.26,71,0,6.69
6,Kodiak,US,2020-08-22 23:57:20,57.79,-152.41,62.6,72,1,6.93
7,Jamestown,US,2020-08-22 23:53:34,42.1,-79.24,78.8,54,1,9.17
8,Cape Town,ZA,2020-08-22 23:55:53,-33.93,18.42,50.0,93,5,1.12
9,Salinopolis,BR,2020-08-22 23:57:20,-0.61,-47.36,79.14,85,4,11.34
10,Barrow,US,2020-08-22 23:57:20,71.29,-156.79,42.8,87,90,21.92
11,Hobart,AU,2020-08-22 23:56:42,-42.88,147.33,51.01,76,75,11.41
12,New Norfolk,AU,2020-08-22 23:57:20,-42.78,147.06,51.01,87,92,1.99
13,Eidsvag,NO,2020-08-22 23:57:20,62.78,8.07,55.4,93,96,20.8
14,Ushuaia,AR,2020-08-22 23:54:28,-54.8,-68.3,42.8,84,75,23.04
15,Chokurdakh,RU,2020-08-22 23:54:12,70.63,147.92,36.28,91,99,6.15
16,Bambanglipuro,ID,2020-08-22 23:57:21,-7.95,110.28,75.92,85,33,2.59
17,Castro,BR,2020-08-22 23:57:21,-24.79,-50.01,42.66,93,10,6.55
18,Hithadhoo,MV,2020-08-22 23:57:21,-0.6,73.08,83.1,79,7,14.45
19,Mataura,NZ,2020-08-22 23:54:02,-46.19,168.86,48.0,94,98,3.0
20,Lewistown,US,2020-08-22 23:57:21,40.6,-77.57,84.99,45,1,3.36
21,Mount Gambier,AU,2020-08-22 23:57:21,-37.83,140.77,50.0,76,75,10.29
22,Lompoc,US,2020-08-22 23:54:49,34.64,-120.46,78.01,64,1,11.41
23,Avarua,CK,2020-08-22 23:57:21,-21.21,-159.78,77.0,69,9,13.87
24,Mahebourg,MU,2020-08-22 23:57:21,-20.41,57.7,69.8,77,40,12.75
25,Kushima,JP,2020-08-22 23:57:22,31.46,131.23,86.0,70,20,4.7
26,Rikitea,PF,2020-08-22 23:57:22,-23.12,-134.97,66.94,73,89,17.58
27,Mar Del Plata,AR,2020-08-22 23:57:22,-38.0,-57.56,54.0,65,0,8.05
28,Punta Arenas,CL,2020-08-22 23:53:30,-53.15,-70.92,35.6,69,41,17.22
29,Blythe,US,2020-08-22 23:57:22,33.61,-114.6,106.0,28,1,23.04
30,Atuona,PF,2020-08-22 23:57:22,-9.8,-139.03,78.31,78,41,17.76
31,Atasu,KZ,2020-08-22 23:57:22,48.68,71.64,52.88,70,82,2.48
32,Monroe,US,2020-08-22 23:57:22,43.15,-77.68,81.0,68,15,1.3
33,Kapaa,US,2020-08-22 23:54:04,22.08,-159.32,86.0,62,1,12.75
34,Cidreira,BR,2020-08-22 23:57:22,-30.18,-50.21,53.76,74,0,6.24
35,San Alberto,CO,2020-08-22 23:57:22,7.76,-73.39,78.4,76,93,3.53
36,Husavik,IS,2020-08-22 23:57:22,66.04,-17.34,46.4,87,9,10.29
37,Ribeira Grande,PT,2020-08-22 23:57:22,38.52,-28.7,72.99,82,50,9.04
38,Albany,US,2020-08-22 23:55:02,42.6,-73.97,82.0,57,0,1.99
39,Bredasdorp,ZA,2020-08-22 23:57:23,-34.53,20.04,48.2,93,22,4.7
40,Luanda,AO,2020-08-22 23:57:23,-8.84,13.23,70.88,89,57,5.17
41,Bezhetsk,RU,2020-08-22 23:57:23,57.79,36.7,55.67,87,78,4.68
42,Lebu,CL,2020-08-22 23:57:23,-37.62,-73.65,47.23,88,0,4.54
43,Sungairaya,ID,2020-08-22 23:57:23,0.7,108.9,79.21,84,100,5.55
44,Lasa,IT,2020-08-22 23:57:23,46.62,10.7,57.99,100,5,3.36
45,Sitka,US,2020-08-22 23:57:23,57.05,-135.33,60.8,77,90,6.93
46,Port Elizabeth,ZA,2020-08-22 23:53:42,-33.92,25.57,55.4,93,0,3.36
47,Bam,IR,2020-08-22 23:57:23,29.11,58.36,87.42,31,36,4.94
48,Yangambi,CD,2020-08-22 23:57:23,0.81,24.43,71.51,95,89,3.36
49,Brokopondo,SR,2020-08-22 23:57:23,4.75,-55.17,81.27,66,19,7.25
50,Roald,NO,2020-08-22 23:57:23,62.58,6.13,55.4,87,100,13.87
51,Port Alfred,ZA,2020-08-22 23:57:23,-33.59,26.89,58.68,76,0,11.77
52,Saint-Pierre,RE,2020-08-22 23:57:23,-21.34,55.48,64.4,59,0,6.93
53,Khatanga,RU,2020-08-22 23:57:23,71.97,102.5,55.24,60,4,7.81
54,Asarganj,IN,2020-08-22 23:57:23,25.15,86.68,79.57,84,77,3.09
55,Geraldton,AU,2020-08-22 23:53:58,-28.77,114.6,59.0,93,90,3.36
56,Nouadhibou,MR,2020-08-22 23:57:24,20.93,-17.03,73.4,83,8,18.34
57,Upernavik,GL,2020-08-22 23:57:24,72.79,-56.15,44.55,69,84,7.92
58,Oum Hadjer,TD,2020-08-22 23:57:24,13.3,19.7,74.88,91,100,10.16
59,Vaini,TO,2020-08-22 23:54:09,-21.2,-175.2,76.87,85,63,12.82
60,Puerto Ayora,EC,2020-08-22 23:54:04,-0.74,-90.35,66.99,90,78,5.99
61,Honningsvag,NO,2020-08-22 23:57:24,70.98,25.97,56.68,86,14,18.7
62,Ancud,CL,2020-08-22 23:57:24,-41.87,-73.82,46.99,100,75,9.17
63,Souillac,MU,2020-08-22 23:57:24,-20.52,57.52,69.8,77,40,12.75
64,Udachnyy,RU,2020-08-22 23:57:24,66.42,112.4,44.6,75,0,2.24
65,Templemore,IE,2020-08-22 23:57:24,52.79,-7.83,57.99,87,45,3.0
66,Thompson,CA,2020-08-22 23:54:14,55.74,-97.86,55.4,62,75,6.93
67,Babol,IR,2020-08-22 23:57:13,36.55,52.68,73.4,100,90,9.17
68,San Pedro,PH,2020-08-22 23:57:24,14.35,121.02,84.99,83,100,1.12
69,East London,ZA,2020-08-22 23:57:24,-33.02,27.91,64.11,63,0,14.09
70,Luderitz,NA,2020-08-22 23:54:38,-26.65,15.16,62.76,30,0,10.07
71,Saint-Philippe,RE,2020-08-22 23:57:24,-21.36,55.77,69.8,59,36,6.93
72,Sokoni,TZ,2020-08-22 23:57:24,-6.43,39.55,76.23,78,10,13.11
73,Nishihara,JP,2020-08-22 23:57:24,26.18,127.76,84.2,88,75,11.41
74,Shihezi,CN,2020-08-22 23:57:24,44.3,86.03,70.14,32,38,5.84
75,Blackwater,AU,2020-08-22 23:54:39,-23.58,148.88,60.8,33,0,11.52
76,Madang,PG,2020-08-22 23:57:25,-5.22,145.8,84.96,67,73,1.74
77,Ranong,TH,2020-08-22 23:57:25,9.97,98.63,75.2,100,20,7.14
78,Tura,IN,2020-08-22 23:55:06,25.52,90.22,72.75,97,67,3.65
79,Touros,BR,2020-08-22 23:57:25,-5.2,-35.46,75.2,88,40,9.17
80,Guerrero Negro,MX,2020-08-22 23:54:54,27.98,-114.06,83.44,56,0,19.57
81,Hilo,US,2020-08-22 23:53:23,19.73,-155.09,84.2,66,90,9.17
82,Byron Bay,AU,2020-08-22 23:57:25,-28.65,153.62,60.01,38,0,16.11
83,San Cristobal,VE,2020-08-22 23:57:25,7.77,-72.22,86.0,45,40,10.29
84,Saskylakh,RU,2020-08-22 23:57:25,71.92,114.08,45.73,58,4,5.95
85,Beringovskiy,RU,2020-08-22 23:57:25,63.05,179.32,56.03,76,85,12.71
86,Ibipeba,BR,2020-08-22 23:57:25,-11.64,-42.01,71.56,58,11,10.16
87,Belaya Kholunitsa,RU,2020-08-22 23:57:25,58.84,50.85,50.04,91,4,2.93
88,Abu Samrah,SY,2020-08-22 23:57:25,35.3,37.18,70.09,67,0,8.12
89,Lagos,NG,2020-08-22 23:57:25,6.58,3.75,77.0,88,20,5.82
90,Rocha,UY,2020-08-22 23:57:26,-34.48,-54.33,44.58,73,0,5.73
91,Tragana,GR,2020-08-22 23:57:26,38.62,23.12,77.0,62,0,3.13
92,Lexington,US,2020-08-22 23:57:26,37.99,-84.48,79.0,83,1,4.7
93,Faya,SA,2020-08-22 23:57:26,18.39,42.45,69.8,72,8,3.98
94,Bilibino,RU,2020-08-22 23:57:26,68.05,166.44,41.65,88,100,3.18
95,Oranjemund,NA,2020-08-22 23:57:26,-28.55,16.43,57.81,56,0,4.45
96,Bulgan,MN,2020-08-22 23:57:26,48.81,103.53,56.75,71,33,4.09
97,Gouyave,GD,2020-08-22 23:57:26,12.16,-61.73,84.2,79,20,17.22
98,Garden City,US,2020-08-22 23:53:08,42.33,-83.33,86.0,45,20,10.29
99,Anadyr,RU,2020-08-22 23:54:33,64.75,177.48,51.8,87,40,11.18
100,Carnarvon,AU,2020-08-22 23:57:26,-24.87,113.63,62.6,82,94,9.17
101,Victoria,HK,2020-08-22 23:56:39,22.29,114.16,84.99,74,7,4.0
102,Pangai,TO,2020-08-22 23:55:40,-19.8,-174.35,78.01,84,12,15.68
103,Namibe,AO,2020-08-22 23:54:23,-15.2,12.15,63.28,79,5,2.01
104,Teguise,ES,2020-08-22 23:57:26,29.06,-13.56,75.2,83,20,23.04
105,Keflavik,IS,2020-08-22 23:57:26,64.0,-22.56,48.2,93,0,8.05
106,Kahului,US,2020-08-22 23:54:32,20.89,-156.47,87.8,58,40,23.04
107,Juba,SS,2020-08-22 23:57:27,4.85,31.58,71.85,90,87,2.71
108,Bloomfield,US,2020-08-22 23:57:27,40.81,-74.19,87.01,62,1,7.27
109,Conakry,GN,2020-08-22 23:56:20,9.54,-13.68,75.2,94,75,6.93
110,Vardo,NO,2020-08-22 23:57:27,70.37,31.11,56.82,87,54,20.13
111,Ransang,PH,2020-08-22 23:57:27,8.96,117.58,83.12,70,63,2.95
112,Zhdankovskiy,RU,2020-08-22 23:57:27,53.75,38.18,55.15,87,24,3.02
113,Coihaique,CL,2020-08-22 23:54:52,-45.58,-72.07,48.2,61,75,5.82
114,Turukhansk,RU,2020-08-22 23:57:27,65.82,87.98,55.81,96,100,3.0
115,Richards Bay,ZA,2020-08-22 23:55:13,-28.78,32.04,63.57,70,0,11.41
116,Okhotsk,RU,2020-08-22 23:57:27,59.38,143.3,56.19,46,88,8.25
117,Aklavik,CA,2020-08-22 23:57:27,68.22,-135.01,59.0,72,40,2.24
118,Semenivka,UA,2020-08-22 23:57:27,52.18,32.58,54.64,83,2,4.27
119,Parabel,RU,2020-08-22 23:57:27,58.7,81.48,51.6,97,79,5.61
120,Bluff,NZ,2020-08-22 23:54:01,-46.6,168.33,48.0,94,100,3.0
121,Kaitangata,NZ,2020-08-22 23:57:27,-46.28,169.85,51.01,83,55,17.0
122,Qaanaaq,GL,2020-08-22 23:57:27,77.48,-69.36,37.94,86,100,1.97
123,Tuktoyaktuk,CA,2020-08-22 23:54:05,69.45,-133.04,53.6,81,20,12.75
124,Severo-Kurilsk,RU,2020-08-22 23:57:27,50.68,156.12,54.61,71,29,11.97
125,High Level,CA,2020-08-22 23:57:27,58.52,-117.14,57.2,93,90,9.17
126,Ojinaga,MX,2020-08-22 23:57:27,29.57,-104.42,98.6,20,1,18.34
127,Aksarka,RU,2020-08-22 23:57:27,66.56,67.8,47.41,95,42,13.09
128,Aasiaat,GL,2020-08-22 23:57:28,68.71,-52.87,38.16,76,0,4.85
129,Jinxi,CN,2020-08-22 23:57:28,30.43,116.29,83.12,73,0,1.05
130,Drezdenko,PL,2020-08-22 23:57:28,52.84,15.83,64.0,99,59,4.56
131,Aloleng,PH,2020-08-22 23:57:28,16.13,119.78,83.46,77,82,9.89
132,Monrovia,LR,2020-08-22 23:57:28,6.3,-10.8,77.0,94,75,6.93
133,Arraial Do Cabo,BR,2020-08-22 23:54:19,-22.97,-42.03,66.49,64,84,11.63
134,Tuatapere,NZ,2020-08-22 23:55:07,-46.13,167.68,48.0,94,100,3.0
135,Ingham,US,2020-08-22 23:57:28,42.6,-84.38,84.2,45,1,3.36
136,Atbasar,KZ,2020-08-22 23:57:28,51.8,68.33,51.22,93,5,6.4
137,Muriti,TZ,2020-08-22 23:57:28,-1.98,32.92,71.6,49,20,8.05
138,Ulaangom,MN,2020-08-22 23:57:28,49.98,92.07,55.62,68,9,4.68
139,Nalut,LY,2020-08-22 23:57:28,30.33,10.85,76.77,32,0,12.3
140,Saint George,US,2020-08-22 23:54:36,37.1,-113.58,104.0,21,1,12.75
141,Salalah,OM,2020-08-22 23:54:34,17.02,54.09,77.0,100,90,9.17
142,Walvis Bay,NA,2020-08-22 23:55:46,-22.96,14.51,64.53,25,0,2.82
143,Upington,ZA,2020-08-22 23:53:42,-28.45,21.26,50.0,25,0,3.36
144,Bethel,US,2020-08-22 23:57:28,41.37,-73.41,79.0,77,19,1.01
145,Evensk,RU,2020-08-22 23:57:28,61.95,159.23,53.19,57,98,10.96
146,Sistranda,NO,2020-08-22 23:57:29,63.73,8.83,59.0,93,75,3.36
147,Georgetown,MY,2020-08-22 23:55:23,5.41,100.34,80.6,94,20,2.24
148,Vila Franca Do Campo,PT,2020-08-22 23:56:01,37.72,-25.43,69.8,88,20,2.24
149,Plettenberg Bay,ZA,2020-08-22 23:57:29,-34.05,23.37,54.41,86,0,7.02
150,Lata,PT,2020-08-22 23:57:29,40.16,-8.33,64.99,89,0,1.01
151,Rorvik,NO,2020-08-22 23:57:29,64.86,11.24,59.11,85,81,19.08
152,Palu,ID,2020-08-22 23:56:02,-0.89,119.87,81.93,65,72,0.76
153,Broome,US,2020-08-22 23:57:29,42.25,-75.83,78.8,57,75,4.7
154,Aksu,CN,2020-08-22 23:57:29,41.12,80.26,71.24,42,0,3.15
155,San Patricio,MX,2020-08-22 23:57:29,19.22,-104.7,86.0,74,75,11.41
156,Fengzhen,CN,2020-08-22 23:57:29,40.44,113.15,62.19,90,100,2.37
157,Maragogi,BR,2020-08-22 23:57:29,-9.01,-35.22,73.56,85,37,8.77
158,Grand-Santi,GF,2020-08-22 23:57:29,4.25,-54.38,79.3,65,85,2.3
159,Pio Xii,BR,2020-08-22 23:57:29,-3.83,-45.15,77.4,82,34,6.26
160,Ponta Do Sol,PT,2020-08-22 23:57:29,32.67,-17.1,73.4,73,20,13.87
161,Zhigansk,RU,2020-08-22 23:57:29,66.77,123.37,44.49,69,57,18.21
162,Vila Velha,BR,2020-08-22 23:54:38,-20.33,-40.29,64.4,93,90,10.29
163,Nsanje,MW,2020-08-22 23:55:23,-16.92,35.26,64.89,79,60,4.41
164,Winnemucca,US,2020-08-22 23:57:29,40.97,-117.74,96.8,4,1,13.87
165,Dikson,RU,2020-08-22 23:54:06,73.51,80.55,48.13,75,96,8.05
166,Caxito,AO,2020-08-22 23:57:29,-8.58,13.66,73.33,80,72,1.88
167,Belyy Yar,RU,2020-08-22 23:54:49,53.6,91.39,48.2,100,20,2.24
168,Sioux Lookout,CA,2020-08-22 23:57:30,50.1,-91.92,68.0,88,90,6.93
169,Beloha,MG,2020-08-22 23:57:30,-25.17,45.05,63.01,80,7,12.95
170,Bathsheba,BB,2020-08-22 23:57:30,13.22,-59.52,82.4,78,20,4.7
171,Bambous Virieux,MU,2020-08-22 23:57:30,-20.34,57.76,69.8,77,40,12.75
172,Ambilobe,MG,2020-08-22 23:57:30,-13.2,49.05,65.14,67,80,4.97
173,Airai,TL,2020-08-22 23:57:30,-8.93,125.41,69.64,32,65,5.06
174,Yellowknife,CA,2020-08-22 23:57:30,62.46,-114.35,60.8,59,40,14.99
175,Tasiilaq,GL,2020-08-22 23:57:30,65.61,-37.64,42.8,68,61,5.82
176,Svetlaya,RU,2020-08-22 23:57:30,46.54,138.33,70.21,64,97,1.92
177,Srednekolymsk,RU,2020-08-22 23:57:30,67.45,153.68,36.46,94,100,11.18
178,Iqaluit,CA,2020-08-22 23:57:30,63.75,-68.51,42.8,93,20,5.82
179,Dawlatabad,AF,2020-08-22 23:57:30,36.41,64.91,68.63,24,0,1.61
180,Manaure,CO,2020-08-22 23:57:30,11.78,-72.44,82.94,79,61,9.82
181,Port-Gentil,GA,2020-08-22 23:57:30,-0.72,8.78,77.0,83,90,12.66
182,Sabha,LY,2020-08-22 23:57:30,27.04,14.43,79.07,35,0,12.41
183,Bac Lieu,VN,2020-08-22 23:57:31,9.29,105.72,81.43,81,100,6.76
184,Pangnirtung,CA,2020-08-22 23:57:31,66.15,-65.71,50.97,64,1,2.86
185,Ende,ID,2020-08-22 23:54:55,-8.84,121.66,80.56,58,11,0.76
186,Codrington,AU,2020-08-22 23:57:31,-38.27,141.97,49.1,81,65,16.46
187,Avanigadda,IN,2020-08-22 23:57:31,16.02,80.92,80.74,83,82,8.01
188,Gunjur,GM,2020-08-22 23:57:31,13.2,-16.73,78.8,94,20,2.24
189,Torbay,CA,2020-08-22 23:54:22,47.67,-52.73,63.0,72,20,10.29
190,Dvinskoy,RU,2020-08-22 23:57:31,62.15,45.12,54.7,93,0,2.46
191,Petauke,ZM,2020-08-22 23:54:39,-14.24,31.33,57.47,78,0,13.51
192,Fort Nelson,CA,2020-08-22 23:57:31,58.81,-122.7,60.8,87,75,9.17
193,Novoukrayinka,UA,2020-08-22 23:57:31,48.33,31.53,59.47,72,22,7.23
194,Goundam,ML,2020-08-22 23:57:31,16.41,-3.67,83.44,53,96,17.38
195,Tuy Hoa,VN,2020-08-22 23:57:31,13.08,109.3,80.78,78,96,5.01
196,Maposeni,TZ,2020-08-22 23:57:31,-10.58,35.4,58.42,79,33,4.25
197,Blind River,CA,2020-08-22 23:57:31,46.18,-82.96,71.6,83,75,5.82
198,Savonlinna,FI,2020-08-22 23:57:31,61.87,28.88,60.8,93,90,13.87
199,Chagoda,RU,2020-08-22 23:57:31,59.16,35.33,55.56,82,92,5.19
200,Padang,ID,2020-08-22 23:57:32,-0.95,100.35,78.15,78,100,3.27
201,Half Moon Bay,US,2020-08-22 23:57:32,37.46,-122.43,86.0,82,1,8.05
202,Bengkulu,ID,2020-08-22 23:57:32,-3.8,102.27,75.96,85,70,3.87
203,Tiarei,PF,2020-08-22 23:57:32,-17.53,-149.33,84.2,54,40,2.24
204,Hermanus,ZA,2020-08-22 23:57:32,-34.42,19.23,55.99,83,24,1.99
205,Provideniya,RU,2020-08-22 23:54:31,64.38,-173.3,51.69,81,100,6.69
206,Aswan,EG,2020-08-22 23:57:32,24.09,32.91,81.91,32,0,8.01
207,Trairi,BR,2020-08-22 23:54:22,-3.28,-39.27,77.27,83,1,12.71
208,Tera,NE,2020-08-22 23:57:32,14.01,0.75,81.23,65,23,14.72
209,Dzilam Gonzalez,MX,2020-08-22 23:57:32,21.28,-88.93,82.4,78,42,5.46
210,Oga,IT,2020-08-22 23:57:32,46.46,10.35,57.99,100,47,2.24
211,Tual,ID,2020-08-22 23:57:32,-5.67,132.75,79.36,80,26,16.58
212,Dunedin,NZ,2020-08-22 23:57:06,-45.87,170.5,50.0,91,75,11.99
213,Spornoye,RU,2020-08-22 23:57:32,50.84,37.29,55.4,71,0,6.71
214,Lagoa,PT,2020-08-22 23:57:32,39.05,-27.98,72.66,83,48,10.4
215,Levokumskoye,RU,2020-08-22 23:57:32,44.82,44.66,63.77,70,78,6.82
216,Cherskiy,RU,2020-08-22 23:57:32,68.75,161.3,35.98,94,100,23.06
217,Sarnen,CH,2020-08-22 23:57:32,46.9,8.25,66.2,82,90,2.24
218,Nakusp,CA,2020-08-22 23:57:32,50.25,-117.8,71.01,54,10,1.01
219,Deniliquin,AU,2020-08-22 23:52:46,-35.53,144.97,51.01,75,0,1.99
220,Nome,US,2020-08-22 23:54:38,64.5,-165.41,55.4,82,90,10.29
221,Los Llanos De Aridane,ES,2020-08-22 23:57:33,28.66,-17.92,75.2,88,20,16.11
222,Port Lincoln,AU,2020-08-22 23:57:33,-34.73,135.87,53.31,58,45,10.76
223,Loandjili,CG,2020-08-22 23:57:33,-4.76,11.86,73.27,88,16,4.54
224,Helong,CN,2020-08-22 23:57:33,42.54,129.0,64.47,87,89,2.21
225,Taoudenni,ML,2020-08-22 23:57:33,22.68,-3.98,102.74,9,42,11.79
226,Anloga,GH,2020-08-22 23:57:33,5.79,0.9,75.2,94,40,6.93
227,Mezen,RU,2020-08-22 23:57:33,65.85,44.24,53.94,86,0,3.96
228,Abilene,US,2020-08-22 23:57:03,32.45,-99.73,95.0,34,1,6.93
229,Nelson Bay,AU,2020-08-22 23:57:33,-32.72,152.15,55.99,54,51,26.4
230,Hobyo,SO,2020-08-22 23:57:33,5.35,48.53,75.47,81,95,20.33
231,Zyryanka,RU,2020-08-22 23:57:33,65.75,150.85,40.55,75,100,13.15
232,Goderich,CA,2020-08-22 23:57:33,43.75,-81.72,78.01,74,6,4.79
233,Contratacion,CO,2020-08-22 23:57:33,6.29,-73.47,59.4,100,98,1.66
234,Atkarsk,RU,2020-08-22 23:57:33,51.87,45.01,51.75,85,25,7.29
235,Portel,BR,2020-08-22 23:57:33,-1.94,-50.82,75.0,90,56,0.96
236,Seoul,KR,2020-08-22 23:53:25,37.57,126.98,77.0,83,75,1.79
237,Llano De Piedra,PA,2020-08-22 23:57:33,7.67,-80.57,75.42,89,100,3.76
238,Anori,BR,2020-08-22 23:57:33,-3.77,-61.64,78.58,47,0,2.44
239,Ahipara,NZ,2020-08-22 23:57:33,-35.17,173.17,62.2,77,52,12.39
240,Darhan,MN,2020-08-22 23:57:34,49.49,105.92,61.57,76,43,2.48
241,Onokhoy,RU,2020-08-22 23:57:34,51.93,108.07,53.6,93,40,4.47
242,Agadir,MA,2020-08-22 23:57:34,30.42,-9.6,78.8,61,40,4.7
243,Klaksvik,FO,2020-08-22 23:57:34,62.23,-6.59,46.4,81,92,14.99
244,Bose,IT,2020-08-22 23:57:34,45.46,8.01,75.0,74,24,4.0
245,Poum,NC,2020-08-22 23:56:19,-20.23,164.02,72.48,74,39,10.38
246,Portland,US,2020-08-22 23:56:26,45.52,-122.68,80.01,44,20,10.29
247,Tarbes,FR,2020-08-22 23:57:34,43.25,0.17,66.2,82,90,2.24
248,Tecolutla,MX,2020-08-22 23:57:34,20.48,-97.02,86.0,74,40,11.41
249,Bouca,CF,2020-08-22 23:57:34,6.51,18.27,69.28,97,100,1.3
250,Boali,CF,2020-08-22 23:57:34,4.8,18.13,77.0,94,20,1.63
251,Naldurg,IN,2020-08-22 23:57:34,17.82,76.3,71.94,92,100,10.94
252,Energetik,RU,2020-08-22 23:57:34,51.74,58.79,51.91,87,8,5.99
253,Mananjary,MG,2020-08-22 23:57:34,-21.22,48.33,62.28,86,1,5.17
254,Ixtapa,MX,2020-08-22 23:57:34,20.7,-105.2,89.6,70,75,10.29
255,Hay River,CA,2020-08-22 23:53:41,60.82,-115.8,60.8,77,75,9.17
256,Pokhara,NP,2020-08-22 23:57:34,28.23,83.98,70.59,83,68,1.74
257,Lesnoye,RU,2020-08-22 23:57:34,58.28,35.52,55.2,85,79,4.74
258,Doka,SD,2020-08-22 23:57:34,13.52,35.77,72.57,95,100,5.75
259,Sovetskiy,RU,2020-08-22 23:57:34,61.36,63.58,48.36,92,17,7.52
260,Surt,LY,2020-08-22 23:57:35,31.21,16.59,77.97,69,0,7.54
261,Kavaratti,IN,2020-08-22 23:57:35,10.57,72.64,82.45,77,58,11.45
262,Itarema,BR,2020-08-22 23:54:27,-2.92,-39.92,77.43,80,0,12.82
263,Kurilsk,RU,2020-08-22 23:57:35,45.23,147.88,63.41,57,97,9.57
264,Sharya,RU,2020-08-22 23:57:35,58.37,45.51,52.56,92,0,3.78
265,Soyo,AO,2020-08-22 23:57:35,-6.13,12.37,73.24,88,7,6.85
266,Krasnoyarsk,RU,2020-08-22 23:54:32,56.01,92.79,48.2,93,0,4.12
267,Adrar,MR,2020-08-22 23:57:35,20.5,-10.07,99.1,10,27,5.57
268,Tessalit,ML,2020-08-22 23:57:35,20.2,1.01,94.82,24,81,13.85
269,Fortuna,US,2020-08-22 23:55:07,40.6,-124.16,69.01,77,1,14.99
270,Sangar,RU,2020-08-22 23:57:35,63.92,127.47,50.9,50,17,3.24
271,Faanui,PF,2020-08-22 23:57:35,-16.48,-151.75,76.86,79,9,19.35
272,Hamilton,US,2020-08-22 23:54:34,39.18,-84.53,78.01,83,1,4.7
273,Atocha,BO,2020-08-22 23:57:35,-20.93,-66.23,42.03,46,23,17.34
274,Constitucion,CL,2020-08-22 23:57:35,-35.33,-72.42,53.69,89,21,15.7
275,Sao Filipe,CV,2020-08-22 23:57:35,14.9,-24.5,79.07,79,48,4.36
276,Saldanha,ZA,2020-08-22 23:57:35,-33.01,17.94,50.0,87,1,4.7
277,Camenca,MD,2020-08-22 23:57:35,48.03,28.7,59.0,88,0,4.74
278,Yumen,CN,2020-08-22 23:57:35,40.28,97.2,67.23,38,10,11.97
279,Kargasok,RU,2020-08-22 23:57:35,59.06,80.86,52.0,97,78,4.9
280,Shuangyang,CN,2020-08-22 23:57:35,43.52,125.67,68.0,82,99,8.95
281,Formosa Do Rio Preto,BR,2020-08-22 23:57:36,-11.05,-45.19,76.3,42,51,1.39
282,Kamaishi,JP,2020-08-22 23:57:36,39.27,141.88,73.4,94,75,3.36
283,Mayo,US,2020-08-22 23:57:36,38.89,-76.51,79.0,83,1,10.29
284,Chapaevsk,RU,2020-08-22 23:57:36,52.98,49.71,51.8,87,2,4.47
285,Mareeba,AU,2020-08-22 23:57:36,-17.0,145.43,79.0,31,26,9.17
286,Pavlodar,KZ,2020-08-22 23:57:36,52.3,76.95,53.6,93,73,6.71
287,Markova,UA,2020-08-22 23:57:36,48.68,24.41,63.03,87,0,2.59
288,Ust-Nera,RU,2020-08-22 23:57:36,64.57,143.2,44.29,57,100,5.23
289,Roebourne,AU,2020-08-22 23:57:36,-20.78,117.13,75.87,25,0,6.06
290,Mantua,IT,2020-08-22 23:57:36,45.17,10.78,75.99,69,0,1.99
291,Ca Mau,VN,2020-08-22 23:53:12,9.18,105.15,80.74,82,100,2.95
292,Magistralnyy,RU,2020-08-22 23:57:36,56.17,107.45,57.4,83,95,2.46
293,Haines Junction,CA,2020-08-22 23:55:16,60.75,-137.51,65.68,63,99,2.93
294,Molochnoye,RU,2020-08-22 23:57:36,59.29,39.68,57.2,87,68,6.24
295,Vestmannaeyjar,IS,2020-08-22 23:57:36,63.44,-20.27,51.78,76,7,8.16
296,Ostersund,SE,2020-08-22 23:57:36,63.18,14.64,57.2,76,45,12.75
297,Dingle,PH,2020-08-22 23:57:36,11.0,122.67,82.13,80,98,1.74
298,Mahon,ES,2020-08-22 23:57:37,39.89,4.27,75.2,83,0,5.82
299,Kapuskasing,CA,2020-08-22 23:57:37,49.42,-82.43,71.6,56,75,4.7
300,Nardaran,AZ,2020-08-22 23:55:47,40.56,50.01,66.2,82,75,29.97
301,Novoagansk,RU,2020-08-22 23:57:37,61.94,76.66,45.95,94,0,2.39
302,Metkovic,HR,2020-08-22 23:57:37,43.05,17.65,71.6,78,0,3.36
303,Cacu,BR,2020-08-22 23:57:37,-18.56,-51.13,65.17,54,96,1.34
304,Pisco,PE,2020-08-22 23:55:16,-13.7,-76.22,62.6,77,40,13.87
305,Korla,CN,2020-08-22 23:57:37,41.76,86.15,82.0,60,2,4.34
306,Kedgwick,CA,2020-08-22 23:57:37,47.64,-67.34,53.71,75,45,1.54
307,Dahra,DZ,2020-08-22 23:57:37,36.25,0.85,82.4,32,30,2.24
308,Kidal,ML,2020-08-22 23:57:37,18.44,1.41,91.98,38,0,10.07
309,Oranjestad,AW,2020-08-22 23:57:37,12.52,-70.03,86.0,79,20,11.41
310,Singaraja,ID,2020-08-22 23:54:50,-8.11,115.09,80.91,69,4,3.56
311,Channel-Port Aux Basques,CA,2020-08-22 23:57:37,47.57,-59.14,59.63,76,5,11.81
312,Great Yarmouth,GB,2020-08-22 23:57:37,52.61,1.73,62.01,75,33,4.0
313,Mount Isa,AU,2020-08-22 23:57:37,-20.73,139.5,62.6,29,3,11.41
314,Hervey Bay,AU,2020-08-22 23:57:37,-25.3,152.85,64.0,30,0,14.99
315,Garowe,SO,2020-08-22 23:57:37,8.41,48.48,76.93,58,94,23.96
316,Pirgos,GR,2020-08-22 23:57:37,35.12,25.72,82.0,41,0,23.0
317,Cartagena,CO,2020-08-22 23:55:26,10.4,-75.51,84.2,83,75,5.82
318,Ishigaki,JP,2020-08-22 23:57:38,24.34,124.16,82.4,94,75,25.28
319,Kaeo,NZ,2020-08-22 23:57:38,-35.1,173.78,62.01,3,38,10.0
320,Praia,CV,2020-08-22 23:57:38,14.92,-23.51,80.6,78,20,6.93
321,Cayenne,GF,2020-08-22 23:57:38,4.93,-52.33,77.0,94,2,8.14
322,Ambatondrazaka,MG,2020-08-22 23:57:38,-17.83,48.42,54.5,90,68,5.17
323,Isangel,VU,2020-08-22 23:57:38,-19.55,169.27,82.4,69,20,11.41
324,Bowen,AU,2020-08-22 23:57:38,-20.02,148.23,73.0,35,57,9.17
325,Dresden,DE,2020-08-22 23:57:38,51.05,13.74,66.2,72,5,9.17
326,Cap Malheureux,MU,2020-08-22 23:57:38,-19.98,57.61,68.0,80,26,5.01
327,Sawakin,SD,2020-08-22 23:57:38,19.11,37.33,89.04,57,0,3.53
328,Victor Harbor,AU,2020-08-22 23:57:38,-35.57,138.62,50.0,89,66,14.23
329,Buchanan,LR,2020-08-22 23:57:38,5.88,-10.05,77.0,94,75,6.93
330,Abonnema,NG,2020-08-22 23:57:38,4.71,6.79,75.78,87,98,7.14
331,Rakamaz,HU,2020-08-22 23:57:38,48.13,21.47,68.0,88,0,2.24
332,Mayumba,GA,2020-08-22 23:57:38,-3.43,10.66,72.61,87,34,4.7
333,Kousseri,CM,2020-08-22 23:57:38,12.08,15.03,75.2,94,40,4.7
334,San Jose,US,2020-08-22 23:55:31,37.34,-121.89,88.0,45,90,13.87
335,Port Hardy,CA,2020-08-22 23:56:30,50.7,-127.42,59.0,87,75,5.82
336,Manuk Mangkaw,PH,2020-08-22 23:57:38,4.8,119.85,84.0,75,74,7.29
337,Vuktyl,RU,2020-08-22 23:57:39,63.86,57.31,45.61,94,32,4.52
338,Leningradskiy,RU,2020-08-22 23:57:39,69.38,178.42,50.7,72,7,4.94
339,Husainabad,IN,2020-08-22 23:57:39,24.53,84.02,77.38,88,66,4.43
340,Aitape,PG,2020-08-22 23:57:39,-3.14,142.35,84.11,71,14,2.44
341,Inegol,TR,2020-08-22 23:57:39,40.08,29.51,60.8,87,0,3.36
342,Vengerovo,RU,2020-08-22 23:57:39,55.68,76.75,51.42,94,82,6.17
343,Kungurtug,RU,2020-08-22 23:57:39,50.6,97.52,47.84,84,18,1.03
344,Imbituba,BR,2020-08-22 23:57:39,-28.24,-48.67,55.4,71,7,2.24
345,Eyl,SO,2020-08-22 23:57:39,7.98,49.82,76.98,66,100,27.34
346,Tonj,SS,2020-08-22 23:57:39,7.27,28.68,71.1,94,18,2.15
347,Grasse,FR,2020-08-22 23:57:39,43.67,6.92,73.4,83,75,3.36
348,Taltal,CL,2020-08-22 23:55:27,-25.4,-70.48,52.21,77,28,1.99
349,Rogozno,PL,2020-08-22 23:57:39,52.75,16.99,66.0,93,90,5.82
350,Hazorasp,UZ,2020-08-22 23:57:39,41.32,61.07,75.2,33,90,11.41
351,Barra Patuca,HN,2020-08-22 23:57:39,15.8,-84.28,82.38,83,99,11.61
352,Sheridan,US,2020-08-22 23:57:39,44.83,-106.92,98.01,9,20,1.74
353,Muyezerskiy,RU,2020-08-22 23:57:40,63.93,31.65,60.33,81,100,11.9
354,Labuan,MY,2020-08-22 23:57:40,5.28,115.24,77.0,100,20,7.54
355,Springbok,ZA,2020-08-22 23:57:40,-29.66,17.89,53.76,34,0,6.29
356,Lepenou,GR,2020-08-22 23:57:40,38.7,21.28,73.99,88,0,3.09
357,Rantepao,ID,2020-08-22 23:57:40,-2.97,119.9,72.01,82,74,0.94
358,Tambopata,PE,2020-08-22 23:57:40,-12.73,-69.18,59.09,63,22,2.75
359,Mandera,KE,2020-08-22 23:57:40,3.94,41.87,76.93,57,100,17.47
360,Berbera,SO,2020-08-22 23:57:40,10.44,45.01,91.02,40,22,26.87
361,Ilulissat,GL,2020-08-22 23:57:40,69.22,-51.1,44.6,75,0,1.12
362,Cascais,PT,2020-08-22 23:57:40,38.7,-9.42,66.99,91,0,21.7
363,Majalengka,ID,2020-08-22 23:57:40,-6.84,108.23,77.04,74,25,3.67
364,Ostrovnoy,RU,2020-08-22 23:55:21,68.05,39.51,57.43,78,0,15.41
365,Iracoubo,GF,2020-08-22 23:57:40,5.48,-53.2,79.45,85,5,7.83
366,Rapar,IN,2020-08-22 23:57:40,23.57,70.63,80.46,92,100,9.28
367,Nanortalik,GL,2020-08-22 23:57:40,60.14,-45.24,45.46,77,4,2.06
368,Lorengau,PG,2020-08-22 23:57:40,-2.02,147.27,83.84,72,49,1.79
369,Caravelas,BR,2020-08-22 23:57:40,-17.71,-39.25,71.74,81,100,11.61
370,Dicabisagan,PH,2020-08-22 23:57:41,17.08,122.42,83.73,73,99,1.39
371,Neiafu,TO,2020-08-22 23:57:41,-18.65,-173.98,78.71,84,14,17.16
372,Asau,RO,2020-08-22 23:57:41,46.43,26.4,61.0,90,0,1.1
373,Esperance,AU,2020-08-22 23:57:41,-33.87,121.9,50.0,93,75,9.17
374,Pevek,RU,2020-08-22 23:54:18,69.7,170.31,38.12,98,100,4.85
375,Mayskiy,RU,2020-08-22 23:57:41,47.69,40.1,53.6,62,12,4.47
376,Vao,NC,2020-08-22 23:55:13,-22.67,167.48,71.44,82,60,11.59
377,Bomet,KE,2020-08-22 23:57:41,-0.78,35.34,55.78,89,100,6.33
378,Waipawa,NZ,2020-08-22 23:57:41,-41.41,175.52,57.0,71,100,2.24
379,Crixas,BR,2020-08-22 23:55:18,-14.55,-49.97,75.33,43,32,7.11
380,Balabac,PH,2020-08-22 23:57:41,7.99,117.06,84.34,78,90,9.8
381,Kutum,SD,2020-08-22 23:57:41,14.2,24.67,72.54,72,72,7.83
382,Sao Joao Da Barra,BR,2020-08-22 23:57:41,-21.64,-41.05,64.83,80,100,13.87
383,Nikolskoye,RU,2020-08-22 23:57:41,59.7,30.79,62.6,77,40,6.71
384,Ceyranbatan,AZ,2020-08-22 23:57:41,40.54,49.66,66.2,82,75,29.97
385,Margate,GB,2020-08-22 23:57:41,51.38,1.39,63.0,81,19,1.99
386,Duku,NG,2020-08-22 23:57:41,11.24,4.91,72.64,94,0,2.77
387,Yerbogachen,RU,2020-08-22 23:57:42,61.28,108.01,54.93,58,18,8.08
388,Camacha,PT,2020-08-22 23:57:42,33.08,-16.33,73.4,73,20,8.05
389,Hailey,US,2020-08-22 23:57:42,43.52,-114.32,86.0,17,5,11.41
390,Kununurra,AU,2020-08-22 23:57:42,-15.77,128.73,78.8,20,13,4.7
391,Ocampo,MX,2020-08-22 23:57:42,21.65,-101.5,71.2,44,74,8.95
392,Flinders,AU,2020-08-22 23:57:42,-34.58,150.86,55.99,50,2,11.01
393,Morondava,MG,2020-08-22 23:57:42,-20.28,44.28,69.21,54,0,10.83
394,Paamiut,GL,2020-08-22 23:57:42,61.99,-49.67,43.66,92,34,9.06
395,Maningrida,AU,2020-08-22 23:57:42,-12.07,134.27,79.68,37,0,15.73
396,Marica,BR,2020-08-22 23:57:42,-22.92,-42.82,64.4,77,90,5.82
397,Andapa,MG,2020-08-22 23:57:42,-14.65,49.65,56.41,90,63,2.82
398,Susuman,RU,2020-08-22 23:57:42,62.78,148.17,41.13,65,99,6.55
399,Pangoa,PE,2020-08-22 23:55:55,-12.12,-73.0,60.78,84,40,1.81
400,Dimbokro,CI,2020-08-22 23:57:42,6.65,-4.7,71.89,95,34,4.79
401,Sellye,SK,2020-08-22 23:57:42,48.15,17.88,73.0,84,100,11.99
402,Severodvinsk,RU,2020-08-22 23:57:42,64.56,39.83,57.2,87,20,4.47
403,San Miguel,SV,2020-08-22 23:55:40,13.48,-88.18,78.8,100,40,2.71
404,Bacolod,PH,2020-08-22 23:57:42,10.67,122.95,83.5,74,98,1.59
405,Champerico,GT,2020-08-22 23:57:43,14.3,-91.92,75.2,94,90,4.79
406,Sorkjosen,NO,2020-08-22 23:57:43,69.8,20.93,57.56,88,100,2.75
407,Itoman,JP,2020-08-22 23:57:43,26.12,127.67,84.2,83,75,12.75
408,Atambua,ID,2020-08-22 23:57:43,-9.11,124.89,79.83,38,22,2.8
409,Ajaccio,FR,2020-08-22 23:57:43,42.0,8.92,73.4,88,75,4.7
410,Soto La Marina,MX,2020-08-22 23:57:43,23.77,-98.22,87.01,71,0,7.0
411,Shubarkuduk,KZ,2020-08-22 23:57:43,49.14,56.49,60.98,66,100,7.7
412,Providencia,MX,2020-08-22 23:57:43,28.72,-111.58,100.0,42,21,15.99
413,Karasuk,RU,2020-08-22 23:57:43,53.74,78.04,54.12,91,91,7.14
414,Altagracia De Orituco,VE,2020-08-22 23:57:43,9.86,-66.38,72.73,90,99,1.34
415,Kazachinskoye,RU,2020-08-22 23:57:43,57.7,93.28,52.02,95,31,3.94
416,Luwuk,ID,2020-08-22 23:57:43,-0.95,122.79,79.74,65,43,6.06
417,Likasi,CD,2020-08-22 23:57:43,-10.98,26.73,58.44,65,33,5.46
418,Road Town,VG,2020-08-22 23:53:12,18.42,-64.62,79.0,92,100,15.99
419,Churu,IN,2020-08-22 23:57:43,28.3,74.95,83.07,72,47,11.79
420,Boende,CD,2020-08-22 23:57:43,-0.22,20.87,73.22,92,100,4.36
421,Savannah Bight,HN,2020-08-22 23:57:43,16.45,-85.85,84.22,78,65,11.23
422,Olafsvik,IS,2020-08-22 23:56:37,64.89,-23.71,50.32,65,30,5.23
423,Andenes,NO,2020-08-22 23:57:44,69.31,16.12,57.2,100,100,6.93
424,Westport,US,2020-08-22 23:57:44,41.14,-73.36,82.4,69,1,11.41
425,Samana,DO,2020-08-22 23:57:44,19.21,-69.34,78.8,94,75,4.7
426,Tiksi,RU,2020-08-22 23:57:44,71.69,128.87,41.0,91,100,3.0
427,Krasnyy Chikoy,RU,2020-08-22 23:57:44,50.36,108.75,58.68,82,13,2.64
428,Ayan,RU,2020-08-22 23:57:44,56.45,138.17,61.2,53,26,7.25
429,Prince Rupert,CA,2020-08-22 23:57:44,54.32,-130.32,59.0,82,90,14.99
430,Sharkan,RU,2020-08-22 23:57:44,57.3,53.87,53.01,92,53,6.17
431,Umba,RU,2020-08-22 23:57:44,66.69,34.34,60.13,80,96,9.89
432,Kloulklubed,PW,2020-08-22 23:57:44,7.04,134.26,82.4,74,75,4.7
433,Fairbanks,US,2020-08-22 23:55:34,64.84,-147.72,73.4,43,40,3.36
434,Assai,BR,2020-08-22 23:57:44,-23.37,-50.84,59.0,67,40,13.87
435,Tomohon,ID,2020-08-22 23:57:44,1.33,124.84,80.6,74,20,3.36
436,Alexandroupoli,GR,2020-08-22 23:57:44,40.85,25.87,69.8,88,0,2.24
437,Arman,RU,2020-08-22 23:57:44,59.7,150.17,51.67,46,98,13.04
438,Clyde River,CA,2020-08-22 23:57:44,70.47,-68.59,49.39,74,95,3.6
439,Mehamn,NO,2020-08-22 23:55:39,71.04,27.85,58.28,82,34,14.65
440,Buala,SB,2020-08-22 23:57:44,-8.14,159.59,83.91,75,100,10.36
441,Ngunguru,NZ,2020-08-22 23:57:45,-35.62,174.5,62.01,3,32,10.0
442,Najran,SA,2020-08-22 23:57:45,17.49,44.13,87.8,20,2,4.7
443,Kefamenanu,ID,2020-08-22 23:57:45,-9.45,124.48,78.08,43,23,5.12
444,Mollendo,PE,2020-08-22 23:57:45,-17.02,-72.01,58.96,82,90,4.61
445,Waounde,SN,2020-08-22 23:57:45,15.26,-12.87,89.6,62,95,6.93
446,Santa Rosalia,MX,2020-08-22 23:57:45,27.32,-112.28,88.48,45,41,1.72
447,Gat,IL,2020-08-22 23:57:45,31.61,34.76,77.0,33,2,1.97
448,Riyadh,SA,2020-08-22 23:57:45,24.69,46.72,91.4,21,51,4.7
449,Chalon-Sur-Saone,FR,2020-08-22 23:57:45,46.78,4.85,68.0,82,46,2.24
450,Aksha,RU,2020-08-22 23:57:45,50.28,113.29,61.75,79,81,2.59
451,Naze,JP,2020-08-22 23:57:45,28.37,129.48,86.0,79,75,2.24
452,Calvinia,ZA,2020-08-22 23:57:45,-31.47,19.78,50.31,39,0,2.15
453,Simpang,ID,2020-08-22 23:57:45,-1.27,104.08,76.5,88,99,3.27
454,Adre,TD,2020-08-22 23:57:45,13.47,22.2,72.12,83,100,4.5
455,Macapa,BR,2020-08-22 23:57:45,0.04,-51.07,86.0,74,20,4.7
456,Gidole,ET,2020-08-22 23:57:46,5.65,37.37,59.77,80,100,5.17
457,Matagami,CA,2020-08-22 23:57:46,49.75,-77.63,69.8,60,90,3.67
458,Mildura,AU,2020-08-22 23:57:46,-34.2,142.15,50.0,93,40,10.29
459,Shenjiamen,CN,2020-08-22 23:57:46,29.96,122.3,82.11,81,0,10.54
460,Saint-Georges,GD,2020-08-22 23:53:15,12.06,-61.75,84.2,79,20,17.22
461,Xinqing,CN,2020-08-22 23:57:46,48.23,129.5,66.25,59,98,4.12
462,Juiz De Fora,BR,2020-08-22 23:55:16,-21.76,-43.35,50.0,93,90,6.93
463,Pingshan,CN,2020-08-22 23:57:46,22.99,114.71,82.17,75,33,1.43
464,Saint-Francois,FR,2020-08-22 23:57:46,46.42,3.91,66.2,63,85,5.82
465,Chipinge,ZW,2020-08-22 23:57:46,-20.19,32.62,48.88,94,18,3.6
466,Kruisfontein,ZA,2020-08-22 23:57:46,-34.0,24.73,50.5,91,0,6.31
467,Tawang,IN,2020-08-22 23:57:46,27.58,91.87,53.64,71,14,3.67
468,Beyneu,KZ,2020-08-22 23:57:46,45.32,55.2,68.58,44,100,20.13
469,Paralimni,CY,2020-08-22 23:57:46,35.04,33.98,84.0,39,0,5.82
470,Sur,OM,2020-08-22 23:57:46,22.57,59.53,81.93,72,100,11.86
471,Borovichi,RU,2020-08-22 23:57:46,58.39,33.92,57.65,79,78,6.64
472,Henties Bay,NA,2020-08-22 23:57:46,-22.12,14.28,65.05,29,0,6.49
473,Sayyan,YE,2020-08-22 23:57:46,15.17,44.32,66.43,57,51,2.17
474,Chapais,CA,2020-08-22 23:57:46,49.78,-74.85,62.6,67,75,5.82
475,Kavieng,PG,2020-08-22 23:57:46,-2.57,150.8,83.12,71,12,3.91
476,Sharjah,AE,2020-08-22 23:57:47,25.36,55.4,91.4,66,93,11.41
477,Sisimiut,GL,2020-08-22 23:57:47,66.94,-53.67,47.88,78,50,6.91
478,Samarai,PG,2020-08-22 23:54:49,-10.62,150.67,77.32,72,63,13.38
479,Moron,AR,2020-08-22 23:57:47,-34.65,-58.62,57.99,41,0,1.01
480,Comodoro Rivadavia,AR,2020-08-22 23:53:12,-45.87,-67.5,62.6,39,47,13.87
481,Shimoda,JP,2020-08-22 23:57:47,34.67,138.95,77.0,94,75,6.93
482,Karymskoye,RU,2020-08-22 23:57:47,51.62,114.35,61.25,87,100,2.04
483,Ous,RU,2020-08-22 23:57:47,60.91,61.52,48.49,97,70,6.22
484,San Quintin,MX,2020-08-22 23:57:47,30.48,-115.95,77.79,68,1,6.6
485,Hasaki,JP,2020-08-22 23:57:47,35.73,140.83,79.0,94,75,2.24
486,Helena,US,2020-08-22 23:57:47,46.59,-112.04,89.6,22,1,18.34
487,Deputatskiy,RU,2020-08-22 23:57:47,69.3,139.9,35.62,84,96,1.21
488,Vallenar,CL,2020-08-22 23:57:47,-28.57,-70.76,57.0,54,0,3.89
489,Prado,BR,2020-08-22 23:57:47,-17.34,-39.22,69.4,79,96,9.44
490,Codajas,BR,2020-08-22 23:57:47,-3.84,-62.06,77.88,50,0,2.73
491,Grindavik,IS,2020-08-22 23:55:05,63.84,-22.43,48.2,93,0,8.05
492,Brookhaven,US,2020-08-22 23:57:47,31.58,-90.44,86.0,77,1,3.76
493,Penzance,GB,2020-08-22 23:55:39,50.12,-5.54,59.0,87,4,17.22
494,Piotrkow Trybunalski,PL,2020-08-22 23:57:47,51.41,19.7,64.99,87,100,5.53
495,Labuhan,ID,2020-08-22 23:54:14,-6.88,112.21,77.76,82,8,7.25
496,Zhaotong,CN,2020-08-22 23:57:48,27.32,103.72,62.28,91,14,5.3
497,Nicoya,CR,2020-08-22 23:57:48,10.15,-85.45,77.0,94,75,8.05
498,Murgab,TM,2020-08-22 23:57:48,37.5,61.97,75.2,33,0,4.7
499,Mabaruma,GY,2020-08-22 23:57:48,8.2,-59.78,77.04,89,23,4.25
500,Iroquois Falls,CA,2020-08-22 23:57:48,48.77,-80.68,73.4,46,75,8.05
501,San Ramon,US,2020-08-22 23:53:29,37.78,-121.98,96.8,22,1,12.75
502,Nagato,JP,2020-08-22 23:57:48,34.38,131.2,84.2,83,75,4.7
503,Kingisepp,RU,2020-08-22 23:57:48,59.37,28.61,61.48,95,100,11.61
504,Ongandjera,NA,2020-08-22 23:57:48,-17.88,15.07,63.07,28,3,9.1
505,Knysna,ZA,2020-08-22 23:57:48,-34.04,23.05,55.4,93,1,3.36
506,Vanavara,RU,2020-08-22 23:57:48,60.34,102.28,59.72,75,85,8.28
507,Rock Springs,US,2020-08-22 23:57:48,41.59,-109.2,89.6,11,20,21.92
508,Jumla,NP,2020-08-22 23:57:48,29.27,82.18,57.61,69,29,2.01
509,Anakapalle,IN,2020-08-22 23:57:48,17.68,83.02,80.6,94,75,6.93
510,Ulfborg,DK,2020-08-22 23:57:48,56.27,8.32,59.0,79,2,11.23
511,Back Mountain,US,2020-08-22 23:54:58,41.34,-76.0,80.01,73,16,1.01
512,Nyrob,RU,2020-08-22 23:57:48,60.73,56.72,45.5,96,6,3.04
513,Great Neck,US,2020-08-22 23:57:48,40.8,-73.73,87.01,65,75,5.82
514,Eureka,US,2020-08-22 23:57:48,40.8,-124.16,71.01,38,3,1.99
515,Mana,GF,2020-08-22 23:57:48,5.66,-53.78,79.74,81,7,6.98
516,Ossora,RU,2020-08-22 23:57:49,59.24,163.07,57.16,59,94,3.65
517,Port Blair,IN,2020-08-22 23:57:49,11.67,92.75,82.33,78,100,12.64
518,Sept-Iles,CA,2020-08-22 23:57:49,50.2,-66.38,61.0,77,75,5.26
519,Norman Wells,CA,2020-08-22 23:54:41,65.28,-126.83,69.8,49,20,12.75
520,Murud,IN,2020-08-22 23:57:49,18.33,72.97,79.81,86,100,13.73
521,Bandrele,YT,2020-08-22 23:57:49,-12.91,45.19,73.4,88,90,2.24
522,Labytnangi,RU,2020-08-22 23:57:49,66.66,66.42,51.39,83,74,6.78
523,Kisangani,CD,2020-08-22 23:57:49,0.52,25.2,70.57,96,62,2.8
524,Uvira,CD,2020-08-22 23:57:49,-3.41,29.15,75.02,55,70,0.67
525,Guiratinga,BR,2020-08-22 23:57:49,-16.35,-53.76,68.18,54,45,4.59
526,Russell,US,2020-08-22 23:57:49,32.35,-85.2,86.0,58,1,10.29
527,Santa Maria,BR,2020-08-22 23:57:49,-29.68,-53.81,51.8,71,0,8.05
528,Plomarion,GR,2020-08-22 23:57:49,38.98,26.37,77.0,65,0,9.17
529,Solwezi,ZM,2020-08-22 23:57:49,-12.17,26.39,56.28,68,0,6.29
530,Aykhal,RU,2020-08-22 23:57:49,66.0,111.5,44.6,75,12,2.24
531,Bagn,NO,2020-08-22 23:57:49,60.82,9.55,48.0,77,13,5.01
532,Marquette,US,2020-08-22 23:57:49,46.53,-87.63,72.0,83,98,1.99
533,Biysk,RU,2020-08-22 23:57:49,52.54,85.21,57.76,66,100,5.77
534,Longyearbyen,SJ,2020-08-22 23:57:49,78.22,15.64,39.2,72,40,11.41
535,Golden,US,2020-08-22 23:54:36,39.76,-105.22,95.0,7,40,11.41
536,Northam,GB,2020-08-22 23:57:50,51.03,-4.22,61.0,90,53,11.01
537,Sarangani,PH,2020-08-22 23:57:50,5.4,125.46,83.91,73,40,8.05
538,San Felipe,VE,2020-08-22 23:57:50,10.34,-68.74,75.61,78,45,6.64
539,King City,US,2020-08-22 23:57:50,36.21,-121.13,93.0,18,96,4.0
540,Churapcha,RU,2020-08-22 23:57:50,62.0,132.43,52.66,42,0,7.16
541,Black River,JM,2020-08-22 23:57:50,18.03,-77.85,86.0,74,20,11.41
542,Otjiwarongo,NA,2020-08-22 23:57:50,-20.46,16.65,57.58,37,0,13.69
543,Baruun-Urt,MN,2020-08-22 23:57:50,46.68,113.28,58.3,86,76,9.19
544,Borovskoy,KZ,2020-08-22 23:57:50,53.8,64.15,49.78,96,0,6.04
545,Matinha,BR,2020-08-22 23:57:50,-3.1,-45.03,75.11,91,0,4.23
546,Acapulco,MX,2020-08-22 23:55:15,16.86,-99.89,86.0,79,40,8.05
547,Wetaskiwin,CA,2020-08-22 23:57:50,52.97,-113.37,69.8,46,20,6.93
548,Rio Gallegos,AR,2020-08-22 23:57:50,-51.62,-69.22,41.0,65,75,13.87
549,Dolores,AR,2020-08-22 23:57:50,-36.31,-57.68,46.02,69,0,9.93
550,Ketchikan,US,2020-08-22 23:54:20,55.34,-131.65,57.2,93,90,9.17
551,Kazerun,IR,2020-08-22 23:57:50,29.62,51.65,77.43,18,0,2.84
552,Loukhi,RU,2020-08-22 23:57:51,66.08,33.04,59.61,80,66,9.37
553,Samaniego,CO,2020-08-22 23:57:51,1.34,-77.6,64.4,82,40,5.82
554,Cabo San Lucas,MX,2020-08-22 23:57:51,22.89,-109.91,90.0,52,5,11.41
555,Den Helder,NL,2020-08-22 23:57:51,52.96,4.76,66.2,77,75,19.46
556,Grand Gaube,MU,2020-08-22 23:57:51,-20.01,57.66,68.0,80,30,5.01
557,Stephenville,US,2020-08-22 23:57:51,32.22,-98.2,93.2,30,40,9.17
558,Raymondville,US,2020-08-22 23:57:51,26.48,-97.78,91.4,43,1,17.22
559,The Valley,AI,2020-08-22 23:55:17,18.22,-63.06,82.4,78,20,10.29
560,Yangjiang,CN,2020-08-22 23:57:51,21.85,111.97,80.55,82,0,2.82
561,Visby,SE,2020-08-22 23:57:51,57.64,18.3,68.0,82,51,13.87
562,Ouallam,NE,2020-08-22 23:57:51,14.32,2.09,84.96,57,5,14.09
563,Saint-Louis,SN,2020-08-22 23:57:51,16.33,-15.0,87.8,62,97,4.7
564,Salisbury,GB,2020-08-22 23:53:24,51.07,-1.8,60.01,77,16,17.22
565,Kyra,RU,2020-08-22 23:57:51,49.58,111.98,59.43,78,0,3.69
